{
  "project_info": {
    "project_number": "770023171342",
    "project_id": "smartmatatu-22f9b",
    "storage_bucket": "smartmatatu-22f9b.firebasestorage.app"
  },
  "client": [
    {
      "client_info": {
        "mobilesdk_app_id": "1:770023171342:android:5776bece0549b12932635f",
        "android_client_info": {
          "package_name": "com.smartmatatu.kenya"
        }
      },
      "oauth_client": [],
      "api_key": [
        {
          "current_key": "AIzaSyBMjvpijyV7zWNkwvEUZPJVOpmYVqxztEE"
        }
      ],
      "services": {
        "appinvite_service": {
          "other_platform_oauth_client": []
        }
      }
    },
    {
      "client_info": {
        "mobilesdk_app_id": "1:770023171342:android:06854b0497bf702d32635f",
        "android_client_info": {
          "package_name": "com.yourcompany.smartmatatu"
        }
      },
      "oauth_client": [],
      "api_key": [
        {
          "current_key": "AIzaSyBMjvpijyV7zWNkwvEUZPJVOpmYVqxztEE"
        }
      ],
      "services": {
        "appinvite_service": {
          "other_platform_oauth_client": []
        }
      }
    },
    {
      "client_info": {
        "mobilesdk_app_id": "1:770023171342:android:f06d0d0fe8bb86ba32635f",
        "android_client_info": {
          "package_name": "ke.co.smartmatatu.app"
        }
      },
      "oauth_client": [],
      "api_key": [
        {
          "current_key": "AIzaSyBMjvpijyV7zWNkwvEUZPJVOpmYVqxztEE"
        }
      ],
      "services": {
        "appinvite_service": {
          "other_platform_oauth_client": []
        }
      }
    }
  ],
  "configuration_version": "1"
}